三星,新聞
三星,高通
三星,南韓
三星,夏普
三星,問世
三星,記者
三星,與此同時
三星,瑞哲
三星,索尼
三星,郭妍希
三星,小米
三星,聯想
三星,三星電子
三星,會上
三星,低階
三星,可能
三星,黑莓
三星,將來
三星,代工
三星,蔡承啟
三星,對手
三星,上個月
三星,製造商
三星,宣佈
三星,暗示
三星,之前
三星,引述
三星,展訊
三星,公佈
三星,都將
三星,華為
三星,據悉
三星,猜測
三星,用來
三星,增至
光燿科,揚博
光燿科,博智
光燿科,募集
光燿科,元件廠
光燿科,雷虎
光燿科,美商
光燿科,溢價
光燿科,品牌手機
光燿科,設備廠
光燿科,電子
光燿科,而台
光燿科,加深
光燿科,光電
光燿科,並以
光燿科,同時
光燿科,籌資
光燿科,光學
光燿科,股王
盛群,可較
盛群,位數
盛群,向下
盛群,略微
盛群,驅動
盛群,整季
盛群,英業達
盛群,出貨
盛群,滲透率
盛群,修正
盛群,總量
盛群,升溫
盛群,瑞昱
盛群,持平
盛群,庫存
盛群,監視器
盛群,相對
盛群,估達
盛群,筆電
盛群,支撐
盛群,聯詠
盛群,微幅
盛群,緯創
盛群,法說
盛群,後市
盛群,滑落
盛群,展望
盛群,貢獻度
盛群,消費性
盛群,看俏
盛群,淡季
盛群,遞延
盛群,毅嘉
盛群,看法
盛群,電視
盛群,液晶電視
盛群,東芝
盛群,營益率
盛群,產品線
盛群,可望
盛群,力道
盛群,轉盈
盛群,桌上型
盛群,吃緊
盛群,季減
盛群,精元
盛群,壓力
盛群,效應
盛群,季將
盛群,小幅
盛群,祈儒
盛群,創高
盛群,向上
盛群,仍會
盛群,左右
智崴,私募
智崴,體感
智崴,基準日
智崴,股數
中磊,聯網
中磊,終端
中磊,通訊
中磊,多媒體
中磊,市場趨勢
中磊,記憶體
中磊,趨勢
中磊,力旺
中磊,伺服器
中磊,效率
中磊,凌華
中磊,嵌入式
中磊,合勤
中磊,業界
中磊,邏輯
中磊,終端產品
中磊,產值
台塑,王永在
台塑,王永慶
台塑,王文淵
台塑,台化
台塑,運動會
台塑,氣氛
台塑,石化
台塑,經理人
台塑,接任
台塑,塑化
台塑,落幕
台塑,南亞
台塑,職務
台塑,創辦人
台塑,加薪
台塑,蔡萬才
中電,聯大
中電,亞太地區
中電,簽訂
中電,東協
中電,進軍
中電,當地
中電,控股
中電,境內
華碩,市調
華碩,主流
華碩,問世
華碩,三星電子
華碩,亮點
華碩,掀起
華碩,平板
華碩,新品
華碩,驚艷
華碩,清江
華碩,筆電
華碩,新款
華碩,發表
華碩,機種
晶技,挺升
晶技,收及
晶技,石英
晶技,希華
晶技,晶體
晶技,月則
晶技,季起
晶技,季有
晶技,端的
晶技,元件廠
晶技,占營收
晶技,客戶端
晶技,歷史
晶技,接單
晶技,並達
晶技,月營
晶技,態勢
晶技,拉貨
晶技,水準
晶技,敬鵬
晶技,同月
晶技,攀高
晶技,明顯
晶技,年增率
晶技,殺價
晶技,大幅度
晶技,擺脫
晶技,數字
晶技,攀升
晶技,同期
晶技,逐月
晶技,收以
晶技,季營
晶技,元件
晶技,盈餘
晶技,走高
晶技,逐季
晶技,今年以來
晶技,難以
晶技,改寫
晶技,占有率
晶技,積極爭取
晶技,轉強
晶技,再創新高
晶技,單月
晶技,刷新
晶技,網通
晶技,並較
長虹,地產
長虹,涵碧樓
長虹,青島
長虹,賴正
長虹,鄉林
長虹,園區
長虹,偉盟
長虹,建案
長虹,主持
長虹,新建
長虹,建設
長虹,儀式
長虹,南京
長虹,山東
長虹,台開
長虹,興富
長虹,公里
長虹,興建
友達,華邦電
友達,減少
友達,旺宏
友達,趨緩
友達,供需
友達,個位數
友達,基本面
友達,矽品
友達,市況
友達,中小
友達,晶電
友達,調節
友達,監視器
友達,壓抑
友達,一季
友達,投影機
友達,萬片
友達,亞科
友達,半導體業
友達,附近
正崴,致伸
正崴,重返
正崴,中聯
力旺,嵌入式
力旺,類比
力旺,終端產品
力旺,單晶
力旺,創見
力旺,威剛
力旺,車載
力旺,多媒體
力旺,伺服器
力旺,電源
力旺,威盛
力旺,可靠
力旺,中磊
力旺,工控
力旺,高效
力旺,硬碟
力旺,高效率
力旺,合勤
力旺,複合
力旺,聯網
力旺,功耗
力旺,高效能
力旺,記憶體
力旺,凌華
力旺,手持
力旺,英飛凌
中鼎,軌道
中鼎,石化
光環,瓶頸
光環,今年底
光環,星光
光環,將達
致伸,首季
致伸,提前
致伸,創下
致伸,站上
致伸,改寫
致伸,正崴
致伸,收將
致伸,激勵
致伸,增率
致伸,新高
致伸,浮現
致伸,熱度
致伸,月營
致伸,上半年
致伸,走揚
致伸,滿載
群光,產品線
群光,協理
群光,大廠
群光,導入
群光,德微
群光,朝向
群光,產品組合
群光,精元
群光,需求
群光,標準型
群光,不淡
群光,既有
群光,二極體
群光,封裝
群光,成績單
群光,因應
群光,電源
群光,可達
群光,產品
群光,成長性
群光,穩定
群光,位數
群光,可較
群光,看俏
群光,電子產品
揚博,設備廠
揚博,並以
揚博,美商
揚博,光燿科
揚博,股王
揚博,而台
揚博,同月
揚博,元件廠
揚博,並較
揚博,之下
揚博,刷新
揚博,光電
揚博,銅箔
揚博,財報
揚博,收以
揚博,光學
揚博,華通
揚博,聯益
揚博,概念股
揚博,品牌手機
揚博,軟板
揚博,雷虎
揚博,大立光
揚博,欣興
隆達,發光
隆達,中美晶
隆達,新機種
隆達,環球
隆達,晶圓
隆達,連接器
隆達,模組
隆達,大廠
隆達,封裝
隆達,製程
隆達,二極體
茂迪,日光
茂迪,納入
茂迪,太陽能
茂迪,綠能
茂迪,氣候
茂迪,台達電
茂迪,台達
茂迪,聯電
茂迪,高效率
茂迪,終判
茂迪,最佳
茂迪,指標
茂迪,購併
茂迪,獲選
茂迪,上市公司
正達,成型
正達,玻璃
正達,保護
正達,薄膜
正達,偵測
雷虎,上櫃
雷虎,募集
雷虎,博智
雷虎,光燿科
雷虎,興櫃
雷虎,籌資
雷虎,明揚
雷虎,設備廠
雷虎,股本
雷虎,電子
雷虎,溢價
雷虎,換算
雷虎,主辦
雷虎,增資
雷虎,充實
雷虎,送件
雷虎,揚博
雷虎,迅得
雷虎,發行
雷虎,轉上
南港,住宅
南港,建案
南港,園區
南港,捷運
南港,新北市
南港,興富
南港,營造
南港,台北市
南港,規劃
南港,建商
南港,台開
南港,新竹
南港,飯店
南港,南部
南港,主持
南港,並為
南港,台中
南港,建設
南港,大樓
南港,典禮
南港,基地
南港,新建
南港,建築
南港,投入
南港,興建
南港,休閒
南港,開幕
幸福,團體
幸福,獎金
幸福,國人
幸福,特別
幸福,同仁
幸福,安心
幸福,生日
幸福,回饋
幸福,專區
幸福,藉此
幸福,年輕
幸福,感謝
幸福,課程
幸福,萬名
幸福,公益
幸福,民眾
幸福,活動
幸福,捐贈
幸福,鼓勵
幸福,響應
幸福,即日起
幸福,共有
幸福,關懷
幸福,兒童
幸福,培訓
幸福,各界
幸福,精緻
幸福,為期
幸福,車隊
幸福,台灣人
幸福,人次
幸福,生命
幸福,平日
幸福,福利
幸福,各地
幸福,學校
幸福,住宿
幸福,招募
幸福,餐廳
幸福,活力
穩懋,宏捷科
穩懋,下滑
穩懋,小幅
穩懋,拖累
穩懋,增率
穩懋,上季
穩懋,效應
穩懋,衝上
穩懋,衝高
穩懋,再創
穩懋,季在
穩懋,回升
穩懋,新高
穩懋,法人
穩懋,來看
穩懋,營收將
穩懋,滑落
穩懋,上揚
穩懋,長假
穩懋,科第
穩懋,明顯
穩懋,維持
穩懋,旺季
穩懋,拉貨
穩懋,受到
穩懋,庫存
穩懋,創近
穩懋,淡季
穩懋,低點
穩懋,果然
穩懋,微幅
穩懋,略微
穩懋,創高
穩懋,超出
穩懋,季增率
穩懋,回溫
穩懋,季節性
穩懋,不淡
穩懋,預估
穩懋,力道
穩懋,左右
穩懋,幅度
穩懋,重回
穩懋,可成
穩懋,優於
穩懋,出貨
穩懋,產品價格
穩懋,將較
穩懋,使得
穩懋,水位
穩懋,拉升
穩懋,高檔
穩懋,繳出
穩懋,全年
穩懋,成績單
穩懋,加持
穩懋,走揚
穩懋,砷化鎵
穩懋,攀升
穩懋,高峰
穩懋,單月
穩懋,壓抑
穩懋,十一
穩懋,跌破
穩懋,月減
穩懋,預期
穩懋,逼近
穩懋,大增
穩懋,看好
穩懋,交貨
穩懋,毅嘉
穩懋,單季
穩懋,毛利率
穩懋,向下
穩懋,逐季
穩懋,非蘋
穩懋,營收
穩懋,趕工
穩懋,收將
穩懋,加溫
穩懋,紀錄
穩懋,出貨量
金衛,起訴
金衛,澄清
金衛,予以
金衛,遭到
金衛,提起
金衛,停止
金衛,違法
金衛,賠償
金衛,昨天
金衛,違反
金衛,終止
金衛,法院
金衛,暫停
金衛,無關
金衛,不得
金衛,擔保
金衛,事實
金衛,爆出
金衛,爭議
金衛,說明
金衛,有關
金衛,公開
金衛,判決
金衛,情事
金衛,不滿
金衛,股票
金衛,從未
金衛,同意
金衛,損害
金衛,權利
金衛,一事
金衛,全部
金衛,涉及
金衛,立委
金衛,吳當傑
金衛,求償
金衛,介入
金衛,破產
金衛,重申
金衛,重大
金衛,質疑
金衛,聲明
金衛,律師
金衛,申報
金衛,要求
宏捷科,穩懋
宏捷科,上季
宏捷科,小幅
宏捷科,拖累
宏捷科,下滑
宏捷科,增率
宏捷科,衝上
宏捷科,法人
宏捷科,回升
宏捷科,再創
宏捷科,季節性
宏捷科,營收將
宏捷科,新高
宏捷科,效應
宏捷科,旺季
宏捷科,維持
宏捷科,不淡
宏捷科,衝高
宏捷科,回溫
宏捷科,創近
宏捷科,季在
宏捷科,長假
宏捷科,成績單
宏捷科,淡季
宏捷科,上揚
宏捷科,創高
宏捷科,科第
宏捷科,繳出
宏捷科,將較
宏捷科,優於
宏捷科,受到
宏捷科,走揚
宏捷科,微幅
宏捷科,拉升
宏捷科,果然
宏捷科,預估
宏捷科,幅度
宏捷科,月減
宏捷科,可成
宏捷科,重回
宏捷科,高峰
宏捷科,聚陽
宏捷科,季增率
宏捷科,加持
宏捷科,拉貨
宏捷科,高檔
宏捷科,大增
宏捷科,庫存
宏捷科,低點
宏捷科,滑落
宏捷科,營收
宏捷科,單月
宏捷科,毅嘉
宏捷科,加溫
宏捷科,交貨
宏捷科,單季
宏捷科,受惠
宏捷科,逼近
宏捷科,毛利率
宏捷科,全年
宏捷科,趕工
宏捷科,收約
宏捷科,左右
宏捷科,砷化鎵
宏捷科,營收達
宏捷科,逐季
宏捷科,使得
宏捷科,展望
宏捷科,力道
宏捷科,出貨
宏捷科,明顯
宏捷科,收將
宏捷科,來看
宏捷科,攀升
宏捷科,十一
宏捷科,水位
宏捷科,去年
宏捷科,季營收
宏捷科,產品價格
宏捷科,收達
宏捷科,可望
宏捷科,出貨量
宏捷科,紀錄
宏捷科,將比
宏捷科,帶動
宏捷科,年減
宏捷科,新低
宏捷科,今年
宏捷科,農曆
宏捷科,預期
宏捷科,組裝廠
宏捷科,壓抑
宏捷科,暢旺
宏捷科,季將
宏捷科,略微
宏捷科,跌破
宏捷科,升溫
宏捷科,供不應求
宏捷科,看好
宏捷科,季增
宏捷科,推升
宏捷科,吃緊
宏捷科,結構調整
宏捷科,攀高
宏捷科,超出
國產,建築
國產,規劃
國產,混凝土
國產,多元化
國產,建材
國產,地化
國產,立於
國產,馬來西亞
國產,蓬勃發展
國產,將與
國產,第一期
國產,上下游
國產,簽約
國產,新建
國產,擴大
國產,簽訂
國產,廉價
國產,於今
國產,經營策略
國產,年內
國產,投入
國產,計畫
國產,公里
國產,設有
國產,深耕
國產,完善
國產,廈門
國產,地區
國產,南部
國產,完整
國產,儀式
國產,穩固
國產,並為
國產,初期
昇陽,上緯
昇陽,住宅
昇陽,發電
昇陽,上福
昇陽,並為
昇陽,建材
三陽,張宏嘉
三陽,解任
三陽,召集
三陽,退出
三陽,董監事
三陽,臨時
三陽,現任
三陽,監察
三陽,新任
三陽,記者會
三陽,股東會
三陽,董事
三陽,經營權
三陽,落幕
三陽,審計
三陽,改選
三陽,請辭
三陽,魏家
三陽,介入
三陽,財政部長
三陽,席獨
三陽,選出
三陽,李鳳
三陽,董監
三陽,召開
三陽,應交
三陽,味全
三陽,當選
三陽,回歸
三陽,投票
三陽,抵制
三陽,公股
三陽,出面
三陽,席次
三陽,董事長
三陽,張盛
三陽,接手
三陽,尊重
三陽,人事
三陽,依法
三陽,辦法
三陽,工會
三陽,職務
三陽,適當
三陽,民股
三陽,委員會
三陽,主導
三陽,獨立
三陽,過半
三陽,出脫
三陽,無關
三陽,立場
三陽,股東
三陽,質疑
三陽,一切
三陽,表達
明揚,上櫃
明揚,購置
明揚,掛牌
明揚,募集
明揚,承銷
明揚,雷虎
明揚,股本
明揚,充實
明揚,轉上
明揚,發行
明揚,主辦
明揚,籌資
明揚,電子
明揚,增資
卓越,標竿
卓越,工業局
卓越,傑出
卓越,典範
卓越,獲獎
卓越,評選
卓越,地球
卓越,前瞻
卓越,願景
卓越,永續
卓越,實踐
卓越,副總經理
卓越,頒發
卓越,永續發展
卓越,競賽
卓越,肯定
卓越,殊榮
卓越,優異
卓越,理念
卓越,平衡
卓越,論壇
卓越,思維
卓越,誠信
卓越,王道
卓越,領導
卓越,首獎
卓越,榮獲
卓越,最佳
卓越,榮譽
卓越,面向
卓越,深受
卓越,獎項
卓越,生態
卓越,環境
卓越,透明
卓越,促進
卓越,大同
卓越,服務業
卓越,道瓊
卓越,協會
卓越,入選
卓越,獲選
卓越,蟬聯
卓越,台達
卓越,贊助
卓越,基金會
卓越,百大
卓越,創意
卓越,優良
卓越,工研院
卓越,致力於
卓越,製造業
卓越,脫穎而出
卓越,致力
卓越,研華
卓越,展現
卓越,大中華區
卓越,聯發
卓越,藝術
卓越,企業
卓越,責任
卓越,獲得
卓越,英飛凌
卓越,評比
卓越,宏
卓越,邁向
卓越,節能
卓越,成就
卓越,綠色
碩禾,內銷
碩禾,景氣
碩禾,台化
碩禾,塑化
碩禾,買盤
碩禾,加薪
碩禾,季線
碩禾,氣氛
碩禾,回溫
碩禾,調漲
碩禾,繳出
碩禾,盤價
碩禾,行情
碩禾,調降
統一,關東煮
統一,發票
統一,冷凍
統一,蔬菜
統一,蔬果
統一,品項
統一,風味
統一,全家
統一,鮮食
統一,愛買
統一,退費
統一,生鮮
統一,牛肉
統一,水果
統一,禮盒
統一,大餐
統一,超商
統一,蔥燒
統一,預防性
統一,下架
統一,進口
統一,口味
統一,商品
統一,有機
統一,訂購
統一,甜點
統一,霜淇淋
統一,油品
統一,王品
統一,家門
統一,食安
統一,類別
統一,家店
統一,改裝
統一,美食
統一,總店
統一,蛋糕
統一,烘焙
統一,澳洲
統一,義大利
統一,完畢
統一,食用
大立光,概念股
大立光,聯茂
大立光,今天
大立光,銅箔
大立光,元作收
大立光,成交量
大立光,進場
大立光,台虹
大立光,美商
大立光,買回
大立光,庫藏
大立光,富喬
大立光,股王
大立光,明天
大立光,轉讓
大立光,聯益
大立光,並以
大立光,昨日
大立光,追加
大立光,收盤價
大立光,欣興
大立光,平盤
大立光,買超
大立光,季線
大立光,刷新
大立光,之下
大立光,早盤
大立光,軟板
大立光,華通
大立光,精密機械
大立光,健鼎
大立光,終場
大立光,並較
大立光,均線
大立光,上游
大立光,同月
大立光,而台
大立光,揚博
大立光,收以
大立光,以來
大立光,走高
大立光,科技
大立光,之後
世界,角色
世界,全世界
世界,最具
世界,團隊
世界,未來
世界,緊密
世界,文化
世界,堅持
世界,扮演
世界,生態
世界,發展
世界,總部
世界,大中華區
世界,思維
世界,深入
世界,競爭
世界,優秀
世界,影響力
世界,期待
世界,走向
世界,現代
世界,無論是
世界,背景
世界,追求
世界,經驗
世界,腳步
世界,創業
世界,一起
世界,共同
世界,深度
世界,成功
世界,理念
世界,夢想
世界,開創
世界,新創
世界,顧問
世界,開展
世界,人才
世界,潛力
世界,之一
世界,培養
世界,論壇
世界,最大的
世界,作為
世界,注入
世界,多年
世界,促進
世界,研討會
世界,實力
世界,方向
世界,時代
世界,創作
世界,做到
世界,大型
世界,打造
世界,創造
世界,帶領
世界,榮譽
世界,國際化
世界,重要性
世界,這塊
世界,平臺
世界,創意
世界,年輕人
世界,合作
世界,華人
世界,創立
世界,深具
世界,一同
世界,加快
世界,專注
世界,邁向
瓦城,展店
瓦城,開店
瓦城,餐飲
瓦城,分店
瓦城,家店
瓦城,商圈
瓦城,總店
瓦城,連鎖
瓦城,料理
瓦城,來客
瓦城,改造
瓦城,二代
瓦城,王品
瓦城,餐廳
瓦城,杏一
大量,現象
大量,供應商
大量,將對
大量,其餘
大量,狀況
大量,在於
大量,採取
大量,表面
大量,缺乏
大量,以前
大量,顯示
遠見,總金額
遠見,不動產
遠見,資產
遠見,總計
遠見,富邦金
遠見,私募
遠見,流通
遠見,萬股
遠見,國泰
遠見,資本額
遠見,總資產
遠見,中信
遠見,金控
遠見,聯貸
遠見,報酬率
大魯閣,捷運
大魯閣,進駐
大魯閣,簽約
大魯閣,儀式
大魯閣,購物中心
大魯閣,設有
大魯閣,新北市
大魯閣,休閒
大魯閣,馬來西亞
麗臺,心率
麗臺,健身
麗臺,神經
麗臺,標準型
上揚,預期
上揚,壓抑
上揚,幅度
上揚,滑落
上揚,矽品
上揚,水位
上揚,不如
上揚,趨緩
上揚,科第
上揚,出貨量
上揚,吃緊
上揚,低點
上揚,表現
上揚,創近
上揚,平穩
上揚,原先
上揚,左右
上揚,庫存
上揚,個位數
上揚,小幅
上揚,創高
上揚,展望
上揚,效應
上揚,修正
上揚,觀望
上揚,持平
上揚,略微
上揚,萬台
上揚,向下
上揚,使得
上揚,液晶電視
上揚,回升
上揚,宏捷科
上揚,報價
上揚,受到
上揚,月減
上揚,低迷
上揚,營業額
上揚,支撐
上揚,穩懋
上揚,拖累
上揚,下滑
上揚,成長率
上揚,供需
上揚,維持
上揚,漲勢
上揚,季節性
上揚,產品價格
上揚,平均
上揚,微幅
上揚,整季
上揚,回溫
上揚,看待
上揚,衝上
上揚,月份
上揚,英業達
上揚,景氣
上揚,後市
上揚,換機
上揚,再創
上揚,法說
上揚,淡季
上揚,出貨
上揚,附近
上揚,整體
上揚,總量
上揚,本季
上揚,暢旺
上揚,高點
上揚,百分點
上揚,季增
上揚,聯詠
上揚,衝高
上揚,重回
上揚,帶動
上揚,增加
上揚,下旬
上揚,拉升
上揚,波動
上揚,新低
上揚,受惠
上揚,調漲
上揚,高峰
上揚,估達
上揚,加溫
上揚,強勁
上揚,儘管
上揚,恐將
上揚,接近
上揚,廣達
上揚,有限
上揚,長假
上揚,調節
上揚,倍增
上揚,銷售量
上揚,成績單
上揚,不佳
上揚,減少
上揚,上季
南僑,飛龍
南僑,食用油
南僑,報關
南僑,飼料
南僑,牛油
南僑,衛生局
南僑,油脂
南僑,食用
南僑,預防性
南僑,食品
南僑,下架
南僑,豬油
南僑,油品
南僑,正義
南僑,強冠
南僑,疑慮
南僑,疑似
南僑,文件
南僑,工業用
南僑,退費
南僑,發票
南僑,證明
南僑,黑心
南僑,退貨
南僑,辦法
南僑,事件
南僑,波及
南僑,通報
南僑,食安
南僑,食品安全
南僑,澳洲
南僑,主動
南僑,緊急
南僑,回收
南僑,康師傅
南僑,出面
南僑,證實
系微,包含
系微,多媒體
系微,終端產品
凌華,解決方案
凌華,運算
凌華,架構
凌華,存取
凌華,高效能
凌華,系統
凌華,可靠
凌華,嵌入式
凌華,無線通訊
凌華,聯網
凌華,整合
凌華,功耗
凌華,低功耗
凌華,終端
凌華,英飛凌
凌華,合勤
凌華,控制
凌華,成果
凌華,雲端
凌華,各個
凌華,遠端
凌華,技術
凌華,簡化
凌華,效能
凌華,廣泛
凌華,應用
凌華,硬碟
凌華,軟硬
凌華,中磊
凌華,威剛
凌華,業界
凌華,研華
凌華,無線
凌華,致力
凌華,實驗室
凌華,通訊
凌華,力旺
凌華,建構
凌華,驗證
凌華,應用服務
杏一,展店
杏一,瓦城
杏一,商場
杏一,總店
杏一,貨物
大洋,適逢
大洋,富驛
大洋,淘帝
大洋,精華
大洋,衝破
大洋,內需
遠百,周年
遠百,大遠
遠百,化妝品
遠百,檔期
遠百,抵用券
遠百,愛買
遠百,兌換
遠百,美食
遠百,百貨
遠百,家店
遠百,優惠活動
遠百,分店
遠百,限定
遠百,阪急
遠百,開店
遠百,北海道
遠百,餐飲
遠百,冬季
遠百,料理
遠百,抽獎
遠百,買氣
遠百,旅展
遠百,總店
遠百,促銷
遠百,假期
遠百,人潮
遠百,全家
遠百,類別
遠百,跨年
遠百,首日
遠百,商品
遠百,改裝
遠百,超商
遠百,來客
遠百,王品
遠百,精品
遠百,連鎖
遠百,服飾
瑞昱,可較
瑞昱,消費性
瑞昱,筆電
瑞昱,升溫
瑞昱,盛群
瑞昱,總量
瑞昱,英業達
瑞昱,手持
瑞昱,持平
瑞昱,產品線
瑞昱,去化
瑞昱,庫存
瑞昱,桌上型
瑞昱,後市
瑞昱,位數
瑞昱,終端產品
瑞昱,產品價格
瑞昱,看俏
瑞昱,驅動
瑞昱,記憶體
瑞昱,聯詠
瑞昱,投影機
瑞昱,出貨
瑞昱,標準型
瑞昱,多媒體
瑞昱,液晶電視
瑞昱,伺服器
瑞昱,整季
瑞昱,向下
瑞昱,緯創
瑞昱,微幅
瑞昱,工控
瑞昱,相對
瑞昱,略微
瑞昱,力道
瑞昱,電源
瑞昱,展望
信義,台北
信義,捷運
信義,地點
信義,旅館
信義,台中
信義,美麗
信義,住宿
信義,高鐵
信義,前往
信義,晶華
信義,活動
信義,中旬
信義,飯店
信義,金門
信義,日止
信義,休閒
信義,競標
信義,每人
信義,貴賓
東貝,背光
東貝,球泡
東貝,散熱
東貝,到位
東貝,照明
東貝,產品銷售
東貝,新機種
東貝,供不應求
東貝,美系
中石化,台積
中石化,關係
中石化,大中華
中石化,總裁
中石化,最佳
中石化,提名
中石化,投資者
中石化,獎項
中石化,聯發
中石化,經濟部
中石化,贏得
中石化,鋼鐵
中石化,中鋼
中石化,最具
中石化,領袖
中石化,榮譽
大同,電網
大同,地球
大同,展現
大同,綠色
大同,深受
大同,節能
大同,環保
大同,評選
大同,獲得
大同,典範
大同,環境
大同,標竿
大同,理念
大同,工業局
大同,卓越
大同,十大
大同,服務業
大同,獲獎
大同,視野
大同,贊助
大同,首獎
大同,基金會
大同,永續發展
大同,傑出
大同,馬達
大同,促進
大同,致力於
大同,響應
大同,展出
大同,藝術
大同,落實
大同,太陽光電
大同,副總經理
大同,各界
大同,榮獲
大同,永續
大同,優良
大同,營造
順達,新普
順達,高於
順達,優於
順達,瓶頸
順達,使得
順達,萬顆
順達,訂單
順達,代工
順達,仍將
順達,打入
順達,營收則
傳奇,幻想
傳奇,神域
傳奇,手機遊戲
傳奇,手遊
傳奇,英雄
傳奇,韓國
傳奇,霹靂
傳奇,改版
傳奇,遊戲
傳奇,三國
傳奇,緊接著
傳奇,玩家
傳奇,辣椒
傳奇,可愛
傳奇,智冠
傳奇,網龍
傳奇,仙劍
傳奇,大宇
傳奇,戰紀
傳奇,代理
傳奇,暑假
傳奇,授權
傳奇,同步
傳奇,多款
傳奇,人氣
傳奇,經典
華航,航空
華航,航點
華航,航班
華航,虎航
華航,旅客
華航,大阪
華航,澳門
華航,飛航
華航,每周
華航,曼谷
華航,航線
華航,經濟艙
華航,開航
華航,出發
華航,高雄
華航,行程
華航,旅遊
華航,洛杉磯
華航,豪華
華航,首航
華航,威航
華航,長榮
華航,慶祝
華航,親子
華航,搭乘
華航,旅館
華航,住宿
華航,機場
華航,票價
華航,花蓮
華航,旅行社
華航,酒店
華航,觀光
華航,萬人
華航,為期
華航,維修
華航,中旬
華航,晶華
華航,自由
華航,另有
華航,台南
華航,前往
華航,機票
華航,雄獅
鴻海,確定
鴻海,傳言
鴻海,傳聞
鴻海,企圖
鴻海,自家
鴻海,未能
鴻海,終於
鴻海,傳出
鴻海,外電報導
鴻海,之內
鴻海,離職
大宇,仙劍
大宇,遊戲
大宇,霹靂
大宇,手遊
大宇,網龍
大宇,智冠
大宇,玩家
大宇,三國
大宇,重量級
大宇,手機遊戲
大宇,影視
大宇,辣椒
大宇,戰紀
大宇,橘子
大宇,經典
大宇,作品
大宇,酷瞧
大宇,傳奇
大宇,華人
大宇,許金龍
大宇,美術
大宇,英雄
大宇,電視劇
大宇,韓國
大宇,跨平台
大宇,明星
大宇,上線
大宇,改版
台開,金門
台開,園區
台開,台中
台開,住宅
台開,南港
台開,建築
台開,公里
台開,營造
台開,並為
台開,地產
台開,新竹
台開,長虹
台開,南部
台開,飯店
台開,用地
界霖,優化
界霖,既有
界霖,車用
界霖,應用領域
界霖,效率
界霖,分散
界霖,提升
界霖,二極體
界霖,封裝
界霖,客戶
界霖,照明
界霖,利基
界霖,晶圓
界霖,複合
界霖,一線
界霖,再生
界霖,散熱
界霖,設備
界霖,自動化
界霖,近幾年
界霖,市場趨勢
界霖,宜特
界霖,量產
界霖,產品線
界霖,產線
界霖,標準型
界霖,跨入
界霖,製程
界霖,光寶
界霖,模組
界霖,機台
界霖,電源
界霖,材料
界霖,近年
界霖,朝向
界霖,感測
界霖,元件
界霖,光罩
界霖,成長性
界霖,電子產品
界霖,產品組合
聯發,台積
聯發,聯發科
聯發,台積電
聯發,微電子
聯發,最佳
聯發,關係
聯發,劉德音
聯發,領導
聯發,中國移動
聯發,贏得
聯發,優異
聯發,中石化
聯發,最具
聯發,聯電
聯發,卓越
聯發,工研院
家登,垂直
家登,伴隨
家登,量產
家登,光罩
家登,再生
家登,領先地位
家登,優化
家登,加速
家登,產線
家登,一線
家登,產值
家登,逐漸
家登,產業
家登,幾年
味全,李鳳
味全,監察
味全,董監事
味全,魏家
味全,召集
味全,請辭
味全,無關
味全,改選
味全,退出
味全,經營權
味全,財政部長
味全,吳當傑
味全,應交
味全,董事
味全,臨時
味全,席獨
味全,審計
味全,台新金控
味全,公股
味全,股東會
味全,董監
味全,過半
味全,記者會
味全,抵制
味全,股東
味全,頂率
味全,委託書
味全,辦法
味全,席次
味全,財政部
味全,質疑
味全,銀行團
味全,民股
味全,解任
味全,介入
味全,出面
味全,名冊
味全,立場
味全,依法
味全,張盛
味全,立委
味全,三陽
味全,事務所
味全,徵求
味全,同意
味全,澄清
味全,彰化
味全,張宏嘉
味全,董事會
味全,台新金
味全,黑心
味全,接手
味全,提出
味全,食品
味全,新任
味全,適當
味全,彰銀
味全,昨天
味全,食用油
味全,新金
味全,委員會
味全,標售
味全,出脫
味全,正義
味全,現任
味全,饒世湛
味全,召開
味全,康師傅
味全,部長
味全,獨立
漢翔,艾威群
漢翔,舉行
榮化,情事
榮化,損害
榮化,裁定
榮化,變更
榮化,執行
榮化,地方法院
榮化,證交所
榮化,並無
榮化,判決
榮化,求償
榮化,債權人
榮化,列為
榮化,異常
榮化,管制
榮化,處置
榮化,擔保
榮化,交割股
榮化,暫停
榮化,取消
榮化,單位
榮化,規定
榮化,予以
榮化,有價證券
榮化,法院
榮化,申報
榮化,全額
榮化,委託
榮化,人工
榮化,會計師
榮化,停止
榮化,淨值
榮化,重整
榮化,方法
榮化,條規
榮化,實施
榮化,公告
榮化,司法
榮化,違約
榮化,賠償
榮化,重大
榮化,聲請
榮化,勝華
榮化,注意
榮化,買賣
榮化,措施
彰銀,台新金
彰銀,新金
彰銀,財政部
彰銀,台新金控
彰銀,委託書
彰銀,公股
彰銀,過半
彰銀,徵求
彰銀,吳當傑
彰銀,饒世湛
彰銀,行庫
彰銀,經營權
彰銀,改選
彰銀,張盛
彰銀,民股
彰銀,席次
彰銀,財政部長
彰銀,審計
彰銀,曾銘宗
彰銀,名冊
彰銀,股東
彰銀,主委
彰銀,席獨
彰銀,董事
彰銀,董監
彰銀,無關
彰銀,監察
彰銀,共識
彰銀,出脫
彰銀,董監事
彰銀,股東會
彰銀,接手
彰銀,立委
彰銀,爭議
彰銀,臨時
彰銀,合併案
彰銀,銀行團
彰銀,立法院
彰銀,呼籲
彰銀,回歸
彰銀,魏家
彰銀,最後
彰銀,介入
彰銀,企銀
彰銀,應交
彰銀,清華
彰銀,抵制
彰銀,味全
彰銀,委員會
彰銀,法規
彰銀,適當
彰銀,退出
彰銀,豐金
彰銀,陷入
彰銀,全體
彰銀,彰化
彰銀,金管會
彰銀,獨立
彰銀,協商
彰銀,尊重
彰銀,持股
彰銀,重申
彰銀,昨天
彰銀,同意
彰銀,對此
彰銀,澄清
聯茂,台虹
聯茂,買回
聯茂,庫藏
聯茂,大立光
聯茂,成交量
聯茂,轉讓
聯茂,進場
聯茂,概念股
聯茂,元作收
聯茂,聯益
聯茂,銅箔
聯茂,富喬
聯茂,今天
聯茂,兩個
聯茂,美商
聯茂,收盤價
聯茂,追加
聯茂,明天
聯茂,刷新
聯茂,股王
聯茂,健鼎
聯茂,精密機械
聯茂,欣興
聯茂,昨日
聯茂,軟板
聯茂,並較
聯茂,終場
聯茂,並以
聯茂,均線
聯茂,華通
聯茂,收以
東陽,年增
東陽,增溫
東陽,歷年
東陽,鈺齊
東陽,已達
東陽,淘帝
東陽,擴增
東陽,轉投資
東陽,前三季
東陽,年減
東陽,加上
東陽,聚陽
東陽,主因
東陽,單價
東陽,成長
東陽,軌道
東陽,水漲船高
東陽,收達
緯創,英業達
緯創,可較
緯創,監視器
緯創,持平
緯創,東芝
緯創,盛群
緯創,向下
緯創,位數
緯創,總量
緯創,整季
緯創,估達
緯創,修正
緯創,正面
緯創,相對
緯創,略微
緯創,瑞昱
緯創,吳田玉
緯創,後市
緯創,液晶電視
緯創,投影機
緯創,看法
聯電,晶圓廠
聯電,劉德音
聯電,半導體
聯電,英飛凌
聯電,太陽能
聯電,綠能
聯電,奈米
聯電,台積
聯電,茂迪
聯電,台積電
聯電,聯發
聯電,最佳
聯電,領導
聯電,高效率
聯電,優異
惠普,戴爾
惠普,仍會
惠普,認為
惠普,對手
惠普,不過
惠普,都將
惠普,恐怕
惠普,東芝
惠普,謹慎
惠普,看起來
惠普,面臨
惠普,程度
惠普,重心
惠普,有所
惠普,擔憂
惠普,差距
惠普,以此
惠普,則會
台南,營造
台南,高雄
台南,旅館
台南,飯店
台南,酒店
台南,引進
台南,前往
台南,台北市
台南,捷運
台南,花蓮
台南,精緻
台南,出發
台南,觀光
台南,台北
台南,家族
台南,新竹
台南,休閒
台南,貴賓
台南,旅行社
台南,華航
台南,晶華
台南,台中
台南,旅客
台南,桃園
台南,公里
台南,行程
台南,親子
台南,特地
台南,南部
和碩,代工廠
和碩,廣達
和碩,謹慎
和碩,左右
和碩,看起來
和碩,不過
和碩,回到
和碩,導致
和碩,原先
和碩,吃緊
和碩,差距
和碩,因為
巨大,推進
巨大,這也
巨大,轉變
巨大,大力
巨大,渠道
巨大,自主
巨大,高端
巨大,華為
中菲,貨物
中菲,台驊
中菲,運輸
中菲,拓展
中菲,亞太地區
中菲,城市
中菲,物流
中菲,承攬
中菲,版圖
中菲,蓬勃發展
中菲,跨足
中菲,深耕
中菲,區域
中菲,近年來
中菲,倉儲
中華,參加
中華,各界
中華,報名
中華,四大
中華,秉持
中華,為期
中華,舉辦
中華,各項
中華,協會
中華,優良
中華,共有
中華,共計
中華,治理
中華,帶領
中華,贊助
中華,行列
中華,首獎
中華,國內外
中華,先生
中華,開創
中華,藝術
中華,期許
中華,經理人
中華,太平洋
中華,決心
中華,成員
中華,文化
中華,舞台
中華,誠信
中華,精神
中華,交流
美時,艾威群
美時,購併
美時,南茂
美時,爆發
美時,會計師
美時,本業
耕興,宜特
耕興,成長性
耕興,應用領域
耕興,斬獲
耕興,標準型
耕興,車廠
耕興,網通
耕興,比達
耕興,新型
耕興,美系
耕興,能見度
精華,來到
精華,長假
精華,逼近
精華,十一
精華,繳出
精華,加持
精華,回溫
精華,內需
精華,創下
精華,今年
精華,去年
精華,大舉
精華,衝破
精華,大洋
精華,走揚
精華,成績
精華,大增
精華,水漲船高
精華,主力
精華,刺激
精華,看好
精華,旺季
精華,推升
精華,提前
精華,大關
希華,晶體
希華,石英
希華,晶技
希華,收及
希華,元件廠
希華,挺升
希華,大幅度
希華,端的
希華,月則
希華,客戶端
希華,季有
希華,占營收
希華,季起
希華,元件
希華,積極爭取
希華,歷史
希華,加深
希華,年增率
希華,接單
希華,水準
希華,月營
希華,網通
希華,光電
希華,數字
希華,盈餘
希華,趨於
希華,並達
希華,擺脫
聯詠,法說
聯詠,筆電
聯詠,科第
聯詠,驅動
聯詠,持平
聯詠,略微
聯詠,效應
聯詠,看法
聯詠,滑落
聯詠,後市
聯詠,向下
聯詠,庫存
聯詠,盛群
聯詠,出貨
聯詠,液晶電視
聯詠,修正
聯詠,仁寶
聯詠,幅度
聯詠,創高
聯詠,淡季
聯詠,看俏
聯詠,微幅
聯詠,產品價格
聯詠,估達
聯詠,展望
聯詠,支撐
聯詠,市況
聯詠,再創
聯詠,升溫
聯詠,英業達
聯詠,表現
聯詠,整季
聯詠,達陣
聯詠,創近
聯詠,去化
聯詠,力道
聯詠,水位
聯詠,瑞昱
聯詠,上揚
聯詠,投影機
聯詠,平穩
聯詠,監視器
聯詠,可望
聯詠,趨緩
聯詠,出爐
聯詠,清江
聯詠,毅嘉
聯詠,衝高
聯詠,向上
聯詠,桌上型
聯詠,不淡
聯詠,預料
聯詠,季增
聯詠,出貨量
聯詠,加溫
聯詠,加持
聯詠,可較
聯詠,壓抑
聯詠,小幅
聯詠,高標
聯詠,有助
研華,軟硬
研華,副總經理
研華,創新
研華,接軌
研華,前瞻
研華,業界
研華,願景
研華,架構
研華,導向
研華,致力
研華,卓越
研華,模型
研華,領導
研華,凌華
研華,邁向
研華,發展趨勢
研華,運算
懷特,中風
懷特,臨床
懷特,試驗
懷特,治療
懷特,病患
懷特,醫藥
懷特,診斷
懷特,疾病
懷特,患者
懷特,癌症
懷特,藥物
懷特,新藥
懷特,製劑
懷特,醫師
懷特,杏輝
懷特,疫苗
懷特,藥證
懷特,試車
懷特,醫院
懷特,廢水
懷特,預防
懷特,腫瘤
懷特,二期
懷特,高雄市
懷特,復工
懷特,環保局
懷特,停工
世紀,商店
世紀,商業
世紀,網絡
世紀,聯合
世紀,零售
世紀,快遞
世紀,嘗試
世紀,商家
世紀,阿里巴巴
世紀,龐大
世紀,全球化
世紀,支付
世紀,最大的
世紀,眾多
世紀,完備
世紀,支付寶
世紀,進軍
旺宏,減少
旺宏,市況
旺宏,晶電
旺宏,遞延
旺宏,個位數
旺宏,半導體業
旺宏,奇美
旺宏,持平
旺宏,展望
旺宏,矽品
旺宏,友達
旺宏,幅度
旺宏,整體
旺宏,審慎
旺宏,穩定
旺宏,偏低
旺宏,趨緩
旺宏,不佳
旺宏,合併
旺宏,季增
旺宏,一季
旺宏,平穩
旺宏,亞科
旺宏,表現
旺宏,業外
旺宏,暢旺
旺宏,季減
旺宏,供需
旺宏,創高
旺宏,短期
旺宏,穩健
旺宏,華邦電
旺宏,增加
旺宏,可較
旺宏,微幅
毅嘉,微幅
毅嘉,不淡
毅嘉,精元
毅嘉,季將
毅嘉,升溫
毅嘉,淡季
毅嘉,高檔
毅嘉,增率
毅嘉,季節性
毅嘉,位數
毅嘉,小幅
毅嘉,出貨
毅嘉,毛利率
毅嘉,創高
毅嘉,萬片
毅嘉,成績單
毅嘉,預估
毅嘉,展望
毅嘉,可成
毅嘉,上季
毅嘉,轉盈
毅嘉,推估
毅嘉,科第
毅嘉,季增
毅嘉,調節
毅嘉,拉升
毅嘉,驅動
毅嘉,法人
毅嘉,放大
毅嘉,祈儒
毅嘉,季營收
毅嘉,將較
毅嘉,整季
毅嘉,季在
毅嘉,收約
毅嘉,維持
毅嘉,可望
毅嘉,庫存
毅嘉,盛群
毅嘉,宏捷科
毅嘉,力道
毅嘉,回升
毅嘉,拉貨
毅嘉,較前
毅嘉,增加
毅嘉,效應
毅嘉,可較
毅嘉,下滑
毅嘉,衰退
毅嘉,優於
毅嘉,季營
毅嘉,占率
毅嘉,暢旺
毅嘉,液晶電視
毅嘉,供不應求
毅嘉,聯詠
毅嘉,遞延
毅嘉,高峰
毅嘉,新高
毅嘉,瓶頸
毅嘉,幅度
毅嘉,穩懋
毅嘉,美系
毅嘉,略微
毅嘉,修正
毅嘉,再創
毅嘉,營益率
毅嘉,吃緊
毅嘉,見到
智冠,遊戲
智冠,手機遊戲
智冠,手遊
智冠,霹靂
智冠,玩家
智冠,辣椒
智冠,大宇
智冠,改版
智冠,三國
智冠,橘子
智冠,網龍
智冠,英雄
智冠,重量級
智冠,仙劍
智冠,酷瞧
智冠,跨平台
智冠,經典
智冠,傳奇
智冠,戰紀
智冠,作品
智冠,可愛
智冠,騰訊
智冠,上線
智冠,影視
智冠,美術
智冠,華人
智冠,直播
智冠,韓國
智冠,幻想
智冠,助手
智冠,許金龍
智冠,神域
智冠,搶攻
台化,台塑
台化,塑化
台化,南亞
台化,王永慶
台化,王文淵
台化,王永在
台化,氣氛
台化,碩禾
台化,石化
台化,加薪
台化,運動會
台化,落幕
仁寶,合併
仁寶,科第
仁寶,晶電
仁寶,聯詠
仁寶,出爐
仁寶,法說
仁寶,降溫
仁寶,季減
仁寶,百分點
仁寶,稀釋
仁寶,去化
仁寶,不佳
仁寶,市況
仁寶,趨緩
仁寶,季底
仁寶,效應
仁寶,表現
仁寶,幅度
仁寶,題材
仁寶,季增
仁寶,遞延
仁寶,減少
仁寶,衰退
仁寶,微幅
仁寶,去年同期
仁寶,向上
仁寶,淨利
尖點,鑽針
尖點,鑽孔
尖點,研磨
尖點,四川
尖點,載板
尖點,並以
尖點,並已
尖點,牧德
尖點,志超
尖點,著手
尖點,並較
尖點,刷新
尖點,接單
尖點,收以
尖點,季起
尖點,涪陵
尖點,熱度
尖點,敬鵬
尖點,同月
尖點,擴充
尖點,廣東
尖點,之下
尖點,增設
尖點,製造廠
尖點,華通
精元,美系
精元,升溫
精元,不淡
精元,毅嘉
精元,轉盈
精元,位數
精元,淡季
精元,微幅
精元,交貨
精元,季將
精元,比重
精元,將較
精元,力道
精元,祈儒
精元,砷化鎵
精元,可較
精元,高檔
精元,成長性
精元,出貨
精元,成績單
精元,季在
精元,收約
精元,供不應求
精元,德微
精元,紀錄
精元,高峰
精元,反應
精元,可望
精元,群光
精元,產品組合
精元,增率
精元,逐季
精元,下半年
精元,法人
精元,記錄
精元,創高
精元,標準型
精元,展望
精元,優於
精元,產品線
精元,見到
精元,單月
精元,動能
精元,營收
精元,需求
精元,毛利率
精元,小量
精元,預估
精元,毛利
精元,盛群
精元,成長
精元,拉貨
精元,營收將
精元,庫存
精元,光纖
精元,水準
精元,季節性
精元,驅動
精元,回升
精元,帶動
精元,加上
精元,整季
精元,旺季
精元,滲透率
精元,單季
精元,訂單
精元,收達
精元,貢獻度
精元,季增
精元,擴產
精元,季營收
精元,小幅
精元,總量
精元,可達
中鋼,鋼鐵
中鋼,台泥
中鋼,公噸
中鋼,能源
中鋼,氣候
中鋼,中石化
中鋼,獲選
中鋼,指標
神達,記錄器
神達,控制器
神達,電源
神達,工控
神達,認證
神達,標準型
神達,顯著
遠傳,申辦
遠傳,絕配
遠傳,月付
遠傳,攜碼
遠傳,降速
遠傳,月租
遠傳,續約
遠傳,資費
遠傳,華電
遠傳,無限
遠傳,上網
遠傳,網外
遠傳,費率
遠傳,祭出
遠傳,李彬
遠傳,可享
遠傳,市話
遠傳,門號
遠傳,免費
遠傳,開台
遠傳,方案
遠傳,只要
遠傳,贈送
遠傳,享受
遠傳,簡訊
遠傳,月繳
遠傳,優惠
遠傳,專案
遠傳,亞運
遠傳,電信
遠傳,三雄
遠傳,好禮
遠傳,萬戶
遠傳,首賣
遠傳,鄭俊卿
遠傳,業者
遠傳,購機
遠傳,還可
遠傳,帳單
遠傳,首賣會
遠傳,通話
遠傳,電信公司
遠傳,現場
遠傳,賽事
遠傳,限時
遠傳,預約
遠傳,指定
遠傳,每人
遠傳,元起
遠傳,禮券
遠傳,來回
遠傳,亞太
遠傳,開放
遠傳,頻段
遠傳,官網
遠傳,民眾
遠傳,率先
遠傳,傳說
遠傳,倒數
遠傳,全系列
遠傳,學生
遠傳,頻寬
遠傳,賴弦五
遠傳,第一波
介面,無線
介面,隨身
介面,可將
介面,支援
介面,設定
介面,功能
介面,藍芽
介面,感應器
介面,低功耗
介面,無線通訊
介面,內建
介面,電腦
介面,規格
介面,高畫質
介面,動態
介面,畫面
介面,情境
介面,智慧型
介面,輕薄
介面,容量
介面,採用
介面,硬碟
介面,傳輸
介面,影音
介面,新一代
介面,適用於
介面,一代
介面,行動
介面,切換
介面,續航力
介面,裝置
介面,超高
介面,儲存
介面,操作
介面,隨時隨地
介面,搭配
介面,畫質
介面,指紋
介面,光源
介面,主機
介面,存取
介面,系列
介面,設計
介面,雲端
介面,智慧
介面,高速
介面,第一款
介面,操控
介面,各種
介面,攝影機
介面,辨識
介面,軟體
介面,語音
介面,極致
介面,播放
介面,搭載
介面,應用程式
介面,使用者
介面,最新
介面,存儲
介面,大小
介面,藍光
介面,解析度
介面,遠端
介面,螢幕
介面,新版
介面,效能
介面,多媒體
介面,系統
介面,獨特
介面,麥克風
介面,行車
介面,具備
介面,速度
介面,中華電信
介面,使用
中保,地震
中保,防災
中保,預警
中保,社區
中保,中興
中保,遠雄
中保,手術
中保,預防
中保,保全
中保,疾病
中保,機能
中保,場所
中保,細胞
中保,病患
中保,安全
創見,工控
創見,力旺
創見,電源
綠能,高效率
綠能,太陽能
綠能,太陽光電
綠能,台達
綠能,日光
綠能,電廠
綠能,屋頂
綠能,發電
綠能,茂迪
綠能,高效
綠能,聯電
綠能,氣候
綠能,一線
綠能,台達電
綠能,節能
綠能,能源
綠能,管理系統
綠能,獲選
綠能,半導體
綠能,顯著
欣興,健鼎
欣興,華通
欣興,收以
欣興,並較
欣興,金像
欣興,涪陵
欣興,同月
欣興,美商
欣興,刷新
欣興,走高
欣興,接單
欣興,之下
欣興,聯益
欣興,志超
欣興,銅箔
欣興,彌補
欣興,軟板
欣興,並以
欣興,廣東
欣興,概念股
欣興,而台
欣興,高層
欣興,主管
欣興,僅次於
欣興,大立光
欣興,品牌手機
欣興,一路
欣興,股王
欣興,柏承
欣興,光電
欣興,復甦
欣興,在於
欣興,追加
欣興,月營
欣興,元作收
欣興,聯茂
欣興,起跳
欣興,引爆
欣興,季起
欣興,財報
欣興,揚博
應華,金屬加工
應華,萬件
應華,機殼
應華,精密
應華,消費型
應華,金屬
應華,切割
應華,塑膠
應華,核心技術
應華,拋光
德微,二極體
德微,封裝
德微,成長性
德微,產品組合
德微,產品線
德微,大廠
德微,驅動
德微,標準型
德微,貢獻度
德微,看俏
德微,滲透率
德微,送樣
德微,量產
德微,美系
德微,小量
德微,比重
德微,祈儒
德微,連接器
德微,升溫
德微,應用領域
德微,車用
德微,機台
德微,斬獲
德微,可望
德微,群光
德微,可較
德微,出貨
德微,動能
德微,精元
德微,光纖
德微,顯現
德微,下半年
德微,手持
德微,產品
德微,擴產
德微,商用
德微,消費性
德微,浮現
德微,高峰
德微,淡季
德微,利基
德微,導入
德微,新機種
德微,明年
德微,電子產品
德微,位數
德微,電源
德微,美光
德微,打入
德微,萬顆
桂盟,鏈條
桂盟,天津
桂盟,自行車
桂盟,泰國
桂盟,緬甸
桂盟,燃料
桂盟,越南
桂盟,柬埔寨
億光,電力
億光,可靠
億光,高效能
億光,高品質
億光,燈具
億光,低功耗
億光,技術
億光,威剛
億光,驗證
億光,設計
億光,光源
億光,解決方案
億光,特性
億光,效能
億光,照明
億光,展出
億光,遠端
億光,系統
億光,居家
億光,高效
億光,成果
億光,具備
億光,藍光
億光,廣泛
億光,平面
億光,測試
億光,兼顧
億光,功耗
億光,軟硬
億光,特殊
億光,適用於
億光,無線
億光,節能
億光,導入
億光,硬碟
億光,監控
億光,實驗室
億光,業界
億光,超薄
億光,視覺
億光,展現
億光,運算
億光,架構
億光,看板
億光,聯網
億光,年會
億光,附加
億光,模型
億光,無線通訊
億光,風扇
億光,性能
億光,等級
億光,車載
億光,不僅
億光,輸出
億光,整合
億光,管理系統
億光,效率
億光,更能
億光,發光
億光,情境
億光,室內
牧德,載板
牧德,設備廠
牧德,鑽孔
牧德,尖點
牧德,並以
牧德,鑽針
牧德,光學
牧德,光電子
牧德,切割
牧德,同時
牧德,研磨
牧德,之下
牧德,志超
牧德,精密
牧德,印刷
牧德,消費型
霹靂,手遊
霹靂,玩家
霹靂,遊戲
霹靂,大宇
霹靂,手機遊戲
霹靂,智冠
霹靂,三國
霹靂,仙劍
霹靂,經典
霹靂,英雄
霹靂,辣椒
霹靂,傳奇
霹靂,網龍
霹靂,重量級
霹靂,改版
霹靂,戰紀
霹靂,酷瞧
霹靂,幻想
霹靂,可愛
霹靂,搶攻
霹靂,作品
霹靂,多款
霹靂,橘子
霹靂,影視
霹靂,人氣
霹靂,神域
霹靂,美術
霹靂,韓國
霹靂,上線
霹靂,跨平台
康師傅,風暴
康師傅,昨天
康師傅,黑心
康師傅,出面
康師傅,油脂
康師傅,波及
康師傅,介入
康師傅,無關
康師傅,抵制
康師傅,飼料
康師傅,正義
康師傅,辦法
康師傅,疑慮
康師傅,立委
康師傅,食用油
康師傅,出脫
康師傅,澄清
康師傅,油品
康師傅,食品
康師傅,退出
康師傅,飛龍
康師傅,質疑
康師傅,危機
康師傅,食安
康師傅,味全
康師傅,立法院
康師傅,近日
康師傅,選舉
康師傅,表態
康師傅,南僑
晶電,說明會
晶電,華邦電
晶電,偏低
晶電,合併
晶電,減少
晶電,旺宏
晶電,遞延
晶電,淨損
晶電,衰退
晶電,市況
晶電,仁寶
晶電,純益
晶電,較前
晶電,合計
晶電,奇美
晶電,出爐
晶電,營業
晶電,亞科
晶電,協理
晶電,去年同期
晶電,短期
晶電,日以
晶電,本業
晶電,友達
晶電,一季
晶電,亮麗
晶電,業主
晶電,光寶
晶電,利益
宏,平衡
宏,自建
宏,競賽
宏,王道
宏,論壇
宏,工研院
宏,創意
宏,空間
宏,卓越
宏,施振榮
宏,思維
華通,欣興
華通,並較
華通,收以
華通,涪陵
華通,同月
華通,健鼎
華通,刷新
華通,之下
華通,美商
華通,金像
華通,並以
華通,聯益
華通,銅箔
華通,志超
華通,走高
華通,接單
華通,軟板
華通,引爆
華通,廣東
華通,起跳
華通,在於
華通,追加
華通,概念股
華通,彌補
華通,敬鵬
華通,僅次於
華通,大立光
華通,而台
華通,季起
華通,柏承
華通,股王
華通,主管
華通,揚博
華通,高層
華通,一路
華通,月營
華通,復甦
華通,科技
華通,熱度
華通,對於
華通,品牌手機
華通,聯茂
華通,尖點
華通,金居
晶華,住宿
晶華,中旬
晶華,旅展
晶華,行程
晶華,料理
晶華,活動
晶華,精緻
晶華,旅遊
晶華,貴賓
晶華,旅館
晶華,觀光
晶華,台北
晶華,酒店
晶華,美麗
晶華,抽獎
晶華,豪華
晶華,旅行社
晶華,親子
晶華,旅客
晶華,慶祝
晶華,限定
晶華,餐飲
晶華,自由
晶華,航空
晶華,選購
晶華,華航
晶華,人潮
晶華,信義
晶華,飯店
晶華,休閒
晶華,台南
晶華,跨年
晶華,商圈
晶華,每人
晶華,頂級
晶華,中午
晶華,平日
晶華,迴響
長榮,航線
長榮,首航
長榮,曼谷
長榮,航空
長榮,航點
長榮,威航
長榮,開航
長榮,航班
長榮,華航
長榮,虎航
長榮,船隊
長榮,澳門
長榮,飛航
長榮,慶祝
長榮,高雄
長榮,每周
長榮,大阪
長榮,航運
長榮,船舶
長榮,廉價
長榮,票價
長榮,洛杉磯
長榮,租金
長榮,旅客
長榮,機場
長榮,經濟艙
長榮,慧洋
長榮,行程
可成,上季
可成,調節
可成,毅嘉
可成,增率
可成,宏捷科
可成,果然
可成,下滑
可成,穩懋
可成,收將
可成,上下
可成,組裝廠
可成,拖累
可成,季營收
可成,收約
可成,恢復正常
可成,虧損
可成,成績單
可成,拉貨
地球,工業局
地球,環境
地球,標竿
地球,肯定
地球,典範
地球,綠色
地球,永續發展
地球,服務業
地球,面向
地球,卓越
地球,致力於
地球,促進
地球,大同
地球,重視
地球,獲獎
地球,實踐
地球,理念
地球,永續
地球,頂尖
地球,頒發
地球,產學
地球,副總經理
地球,願景
地球,企業
地球,電網
地球,評選
地球,生態
地球,傑出
地球,節能
地球,自我
地球,責任
地球,基金會
地球,獲選
地球,透明
地球,落實
地球,推動
地球,環保
地球,協會
地球,台達
地球,榮獲
地球,友善
地球,報告書
地球,製造業
地球,能源
地球,道瓊
地球,培育
地球,殊榮
地球,獲得
地球,深受
地球,各界
地球,前瞻
地球,贊助
地球,秉持
地球,展現
地球,入選
地球,評比
地球,再次
地球,思維
地球,榮譽
地球,成就
地球,進而
地球,先生
地球,十大
地球,傳承
地球,美好
地球,領導
地球,鼓勵
地球,優良
地球,馬達
地球,大中華區
地球,農業
台驊,中菲
台驊,物流
台驊,貨物
台驊,版圖
台驊,亞太地區
台驊,倉儲
台驊,拓展
台驊,發展潛力
台驊,電子商務
台驊,城市
台驊,大陸
台驊,兩岸
台驊,跨足
台驊,承攬
橋椿,金屬
橋椿,生產線
橋椿,擴廠
橋椿,研磨
橋椿,拋光
橋椿,上游
橋椿,廣東
橋椿,公頃
橋椿,建廠
橋椿,設廠
橋椿,轉讓
橋椿,生產
橋椿,新廠
橋椿,並較
全國,為例
全國,立即
全國,方式
全國,無論
全國,交通
全國,簡單
全國,一大
全國,各地
全國,人口
全國,設置
全國,民眾
全國,距離
全國,流量
新普,順達
新普,優於
新普,打入
新普,訂單
新普,營收則
新普,仍將
新普,使得
新普,出貨
新普,瓶頸
新普,高於
新普,代工
新普,拉升
新普,萬顆
新普,小幅
新普,毛利率
新普,市場需求
新普,出貨量
新普,創高
新普,滲透率
新普,維持
新普,增加
新普,供不應求
新普,微幅
新普,預期
新普,砷化鎵
新普,回升
新普,方面
新普,展望
新普,祈儒
新普,良率
新普,表現
新普,高峰
新普,明年
新普,來自
新普,營收
新普,比重
新普,電子產品
新普,逐漸
新普,產量
新普,主要
新普,吃緊
新普,可望
新普,相較
富邦金,中信
富邦金,吳一揆
富邦金,金控
富邦金,亞洲盃
富邦金,流通
富邦金,資本額
富邦金,放款
富邦金,遠見
富邦金,報酬率
富邦金,總資產
富邦金,銀行
富邦金,國泰
富邦金,金融
富邦金,合庫
富邦金,財富
富邦金,富邦
富邦金,金融機構
富邦金,不動產
富邦金,大寶
富邦金,法令
富邦金,華南
富邦金,資產
富邦金,第一
富邦金,東京
富邦金,信託
聯合,商業
聯合,世紀
聯合,各地
聯合,中央
聯合,地方
聯合,廣大
聯合,不但
聯合,優秀
聯合,文化
聯合,最大的
聯合,作為
聯合,開創
聯合,現代
聯合,落地
聯合,意義
聯合,顧問
聯合,創造
聯合,總部
聯合,體系
聯合,特色
聯合,成功
聯合,國外
聯發科,中國移動
聯發科,發科
聯發科,聯發
聯發科,劉德音
聯發科,下一代
聯發科,英特爾
聯發科,聯想
聯發科,智慧
聯發科,單晶
聯發科,主流
聯發科,台積電
聯發科,終端
聯發科,晶片
聯發科,奈米
聯發科,縮小
聯發科,核心
新建,興建
新建,動工
新建,建案
新建,第一期
新建,面積
新建,公頃
新建,完工
新建,住宅
新建,年內
新建,動土
新建,園區
新建,混凝土
新建,建廠
新建,建築
新建,新廠
新建,典禮
新建,投入
新建,長虹
新建,工程
新建,新竹
新建,擴廠
新建,偉盟
新建,建商
新建,國產
新建,投產
新建,二期
新建,一期
新建,將以
新建,設施
新建,公里
新建,並將
新建,規劃
新建,南港
新建,基地
新建,儀式
新建,連同
力成,美光
力成,光纖
力成,量產
力成,二極體
力成,封裝
典範,評選
典範,獲獎
典範,永續
典範,頒發
典範,標竿
典範,服務業
典範,卓越
典範,工業局
典範,永續發展
典範,榮獲
典範,地球
典範,殊榮
典範,傑出
典範,實踐
典範,獎項
典範,入選
典範,道瓊
典範,評比
典範,促進
典範,獲選
典範,肯定
典範,首獎
典範,最佳
典範,透明
典範,報告書
典範,綠色
典範,副總經理
典範,蟬聯
典範,理念
典範,企業
典範,協會
典範,面向
典範,環境
典範,頂尖
典範,願景
典範,台達
典範,大同
典範,誠信
典範,責任
典範,雜誌
典範,優異
典範,前瞻
典範,大中華區
典範,能源
典範,績效
典範,基金會
典範,百大
典範,製造業
典範,大獎
典範,榮譽
典範,馬達
典範,獲得
典範,評鑑
典範,贊助
典範,產學
典範,生態
典範,各界
典範,致力於
典範,落實
典範,領導
典範,先生
典範,王道
典範,太陽光電
典範,秉持
典範,優良
典範,電網
典範,節能
典範,台積
典範,藝術
典範,最具
典範,自我
典範,推動
典範,瞭解
典範,環保
全家,關東煮
全家,冷凍
全家,口味
全家,愛買
全家,蔬菜
全家,霜淇淋
全家,禮盒
全家,鮮食
全家,品項
全家,甜點
全家,蛋糕
全家,跨年
全家,水果
全家,統一
全家,蔬果
全家,發票
全家,烘焙
全家,美食
全家,風味
全家,生鮮
全家,改裝
全家,北海道
全家,檔期
全家,大餐
全家,家店
全家,退費
全家,咖啡
全家,便利商店
全家,牛肉
全家,家門
全家,分店
全家,超商
全家,冬季
全家,周年
全家,餐廳
全家,一波
全家,王品
全家,蔥燒
全家,料理
全家,上架
全家,訂購
全家,優惠活動
全家,下架
全家,餐飲
全家,二代
全家,兌換
全家,遠百
全家,食安
全家,即日起
全家,進口
全家,平日
全家,總店
全家,有機
全家,油品
全家,喜愛
全家,限定
全家,時段
全家,等於
全家,商品
全家,義大利
鄉林,青島
鄉林,賴正
鄉林,涵碧樓
鄉林,長虹
鄉林,山東
鄉林,建商
鄉林,建案
鄉林,成都
鄉林,地產
鄉林,重慶
鄉林,建設
鄉林,南京
鄉林,廣東
台泥,鋼鐵
台泥,公噸
台泥,盤價
台泥,行情
台泥,中鋼
台泥,情勢
台泥,經濟
台泥,廢鋼
台泥,內銷
台泥,調降
台泥,升息
國巨,本業
華邦電,友達
華邦電,晶電
華邦電,減少
華邦電,淨損
華邦電,亞科
華邦電,業主
華邦電,奇美
華邦電,較前
華邦電,一季
華邦電,恢復正常
華邦電,說明會
華邦電,存貨
華邦電,遞延
華邦電,歸屬
華邦電,偏低
華邦電,旺宏
全新,主打
全新,推出
全新,時尚
全新,體驗
全新,系列
全新,搶先
全新,旗艦
全新,風潮
全新,首款
全新,最新
全新,風格
全新,除了
全新,展場
全新,元素
全新,多款
全新,經銷
全新,搭配
全新,一系列
全新,精彩
全新,區隔
全新,頂級
全新,觀賞
全新,單機
全新,受歡迎
全新,中階
全新,董俊良
全新,外型
全新,規格
全新,輕巧
全新,耳機
全新,社群
全新,定位
全新,配件
全新,獨家
全新,高畫質
全新,一代
全新,好評
全新,顏色
全新,第一款
全新,平價
全新,攝影
全新,自拍
全新,運動
全新,專賣店
全新,輕鬆
全新,柏林
全新,行銷
全新,首選
全新,喜愛
全新,旗艦機
全新,神器
全新,輕薄
全新,翻轉
全新,全系列
全新,搶攻
全新,冠軍
全新,雙卡
全新,瞄準
全新,兼具
王品,分店
王品,愛買
王品,食安
王品,家店
王品,延燒
王品,品項
王品,總店
王品,全家
王品,鮮食
王品,另一方面
王品,退費
王品,油品
王品,波及
王品,統一
王品,美食
王品,連鎖
王品,檔期
王品,瓦城
王品,口味
王品,發票
王品,展店
王品,訂購
王品,餐飲
王品,北海道
王品,遠百
王品,關東煮
王品,生鮮
王品,開店
王品,蔬果
王品,蔬菜
王品,退貨
王品,冷凍
王品,周年
王品,風暴
辣椒,手機遊戲
辣椒,手遊
辣椒,遊戲
辣椒,三國
辣椒,智冠
辣椒,橘子
辣椒,網龍
辣椒,改版
辣椒,霹靂
辣椒,大宇
辣椒,戰紀
辣椒,酷瞧
辣椒,玩家
辣椒,跨平台
辣椒,傳奇
辣椒,重量級
辣椒,仙劍
辣椒,韓國
辣椒,直播
辣椒,幻想
辣椒,英雄
辣椒,騰訊
辣椒,神域
辣椒,助手
辣椒,可愛
辣椒,搶攻
辣椒,影視
辣椒,攜手
華電,資費
華電,三雄
華電,降速
華電,開台
華電,李彬
華電,萬戶
華電,月付
華電,電信
華電,遠傳
華電,上網
華電,月繳
華電,月租
華電,祭出
華電,攜碼
華電,費率
華電,頻段
華電,無限
華電,申辦
華電,鄭俊卿
華電,亞太
華電,網外
華電,市話
華電,絕配
華電,方案
華電,門號
華電,續約
華電,電信公司
華電,用戶數
華電,可享
華電,預約
華電,賴弦五
華電,首賣會
華電,頻譜
華電,呂芳銘
華電,之星
華電,購機
華電,業者
華電,還可
華電,通話
華電,第一波
華電,頻寬
華電,簡訊
華電,免費
華電,第一批
華電,各家
華電,競標
華電,漫遊
華電,首賣
博智,溢價
博智,雷虎
博智,光燿科
博智,募集
博智,籌資
博智,電子
博智,認購
博智,股本
美利達,差異化
美利達,週邊
美利達,輪胎
辛耘,半導體
辛耘,一線
辛耘,商用
辛耘,晶圓
辛耘,車用
辛耘,封裝
辛耘,複合
辛耘,顯著
辛耘,大廠
辛耘,環球
辛耘,中美晶
辛耘,購併
辛耘,應用領域
辛耘,產線
辛耘,再生
創意,競賽
創意,背景
創意,融合
創意,論壇
創意,跨界
創意,創作
創意,深入
創意,自建
創意,思維
創意,結合
創意,時代
創意,願景
創意,聯盟
創意,打造
創意,建構
創意,深受
創意,邁向
創意,串連
創意,前瞻
創意,美好
創意,新創
創意,能量
創意,研討會
創意,卓越
創意,軟硬
創意,贊助
創意,貼圖
創意,堅持
創意,市集
創意,豐富
創意,第一個
創意,應用服務
創意,全方位
創意,團隊
創意,展示
創意,王道
創意,群募
創意,深度
創意,角色
創意,群眾
創意,宏
創意,世界
創意,創夢
創意,互動
創意,夥伴
創意,娛樂
創意,導向
創意,硬體
創意,藝術
創意,匯流
創意,創業
創意,平台
創意,緊密
創意,業界
創意,展覽
創意,期許
萬洲,外銷
萬洲,車廠
萬洲,英瑞
萬洲,新車
萬洲,產量
萬洲,第四季
萬洲,軌道
萬洲,擴產
萬洲,將達
萬洲,水箱
萬洲,福特
萬洲,北美
必翔,磷酸
必翔,鋰電池
必翔,巴士
必翔,控股
必翔,立凱
必翔,電動
英業達,向下
英業達,持平
英業達,東芝
英業達,總量
英業達,略微
英業達,庫存
英業達,滑落
英業達,整季
英業達,後市
英業達,修正
英業達,法說
英業達,可較
英業達,水位
英業達,盛群
英業達,吃緊
英業達,支撐
英業達,估達
英業達,相對
英業達,出貨
英業達,展望
英業達,筆電
英業達,看法
英業達,幅度
英業達,位數
英業達,平穩
英業達,緯創
英業達,個位數
英業達,原先
英業達,產品價格
英業達,矽品
英業達,仍會
英業達,左右
英業達,瑞昱
英業達,正面
英業達,升溫
英業達,預期
英業達,滲透率
英業達,看待
英業達,使得
英業達,有助
英業達,有限
英業達,看俏
英業達,季減
英業達,趨緩
英業達,壓抑
英業達,營益率
英業達,壓力
英業達,萬台
英業達,戴爾
英業達,創高
英業達,整體
英業達,上揚
英業達,微幅
英業達,營業費用
英業達,表現
英業達,供需
英業達,淡季
英業達,液晶電視
英業達,聯詠
英業達,科第
英業達,方面
英業達,消費性
英業達,手持
英業達,驅動
英業達,成長率
英業達,穩定
英業達,監視器
英業達,不佳
英業達,受到
英業達,桌上型
英業達,清江
英業達,可望
英業達,不如
英業達,回升
英業達,倍增
英業達,去化
英業達,強固
英業達,效應
英業達,換機
英業達,季增
英業達,小幅
英業達,不錯
英業達,遞延
英業達,廣達
英業達,高峰
英業達,不過
上福,並為
上福,昇陽
台虹,庫藏
台虹,買回
台虹,聯茂
台虹,成交量
台虹,進場
台虹,轉讓
台虹,元作收
台虹,大立光
台虹,概念股
台虹,富喬
台虹,收盤價
台虹,終場
台虹,均線
台虹,兩個
台虹,追加
台虹,銅箔
台虹,買超
台虹,區間
台虹,今天
台虹,收在
台虹,刷新
台虹,聯益
台虹,上漲
群創,面板廠
群創,中小
群創,代線
群創,萬片
群創,面板
群創,路竹
群創,恐將
群創,供給
群創,奇美
南茂,美時
南茂,購併
南茂,本業
南茂,艾威群
志超,接單
志超,健鼎
志超,之下
志超,並較
志超,收以
志超,擴充
志超,軟板
志超,涪陵
志超,同月
志超,柏承
志超,主管
志超,華通
志超,欣興
志超,在於
志超,敬鵬
志超,季起
志超,刷新
志超,並已
志超,光電
志超,廣東
志超,美商
志超,並以
志超,尖點
志超,昆山
志超,占營收
志超,銅箔
志超,走高
志超,鑽針
志超,精成
志超,鑽孔
志超,客戶端
志超,轉虧
志超,金像
志超,聯益
志超,基板
志超,起跳
志超,研磨
志超,之中
志超,為盈
志超,亞泰
志超,挺升
志超,月營
志超,金居
志超,生產線
志超,科技
志超,元件
志超,一路
志超,季有
志超,新廠
志超,牧德
志超,並達
志超,載板
志超,結構
志超,收及
台達電,氣候
台達電,日光
台達電,指標
台達電,台廠
台達電,太陽能
台達電,茂迪
台達電,終判
台達電,台達
台達電,綠能
台達電,雙反
台達電,連續
台達電,高效率
光罩,測量
光罩,技術
光罩,控制
光罩,實驗室
光罩,應用
光罩,圖案
光罩,聯網
光罩,邏輯
光罩,產品開發
光罩,家登
光罩,量產
光罩,解決方案
光罩,分散
光罩,設備
光罩,界霖
光罩,廣泛
光罩,效率
光罩,優化
台積電,劉德音
台積電,聯發
台積電,晶圓廠
台積電,台積
台積電,中國移動
台積電,聯發科
台積電,奈米
台積電,多晶
台積電,聯電
台積電,聯想
台積電,下一代
台積電,微電子
台積電,展訊
南亞,塑化
南亞,台化
南亞,油價
南亞,衝擊
南亞,台塑
上緯,昇陽
上緯,新廠
上緯,利用率
上緯,動工
上緯,擴廠
上緯,擴建
上緯,富喬
威盛,嵌入式
威盛,記憶體
威盛,力旺
威盛,硬碟
冠軍,風潮
冠軍,近來
冠軍,掀起
冠軍,排行榜
冠軍,人氣
冠軍,品牌
冠軍,系列
冠軍,推出
冠軍,好評
冠軍,平價
冠軍,多款
冠軍,全新
冠軍,成績
冠軍,亮點
橘子,辣椒
橘子,酷瞧
橘子,智冠
橘子,網龍
橘子,遊戲
橘子,影視
橘子,許金龍
橘子,手機遊戲
橘子,手遊
橘子,集資
橘子,大宇
橘子,跨平台
橘子,募資
橘子,群眾
橘子,華人
橘子,助手
橘子,洽談
橘子,群募
橘子,美術
橘子,重量級
橘子,三國
橘子,霹靂
橘子,仙劍
橘子,騰訊
橘子,直播
橘子,文創
橘子,創夢
橘子,市集
橘子,創投
橘子,娛樂
橘子,改版
橘子,玩家
橘子,電子商務
巨騰,擴產
巨騰,航太
巨騰,機台
巨騰,拉高
巨騰,機車
巨騰,車廠
巨騰,少量
巨騰,鎧勝
巨騰,成衣
巨騰,水箱
巨騰,機殼
巨騰,鈺齊
巨騰,塑膠
宜特,標準型
宜特,耕興
宜特,檢測
宜特,應用領域
宜特,界霖
宜特,戶外
宜特,產品線
宜特,照明
宜特,電源
宜特,光寶
宜特,車用
宜特,成長性
豐泰,砷化鎵
豐泰,歷年
豐泰,前三季
豐泰,交貨
豐泰,拉高
豐泰,成品
新興,評價
新興,趨勢
新興,指標
新興,躍升
新興,最佳
新興,始終
新興,平衡
新興,不變
新興,消費市場
新興,走向
新興,製造業
新興,發科
新興,品牌價值
新興,排名第
新興,優異
新興,蟬聯
新興,透明
新興,百大
新興,指數
新興,價值
合一,旭東
富喬,玻纖
富喬,大立光
富喬,台虹
富喬,元作收
富喬,成交量
富喬,進場
富喬,聯茂
富喬,終場
富喬,買回
富喬,庫藏
富喬,季線
富喬,概念股
富喬,銅箔
富喬,均線
富喬,早盤
富喬,站上
富喬,平盤
富喬,上緯
全台,全省
全台,門市
全台,折起
全台,人潮
全台,超值
全台,客層
全台,即日起
全台,直營
全台,指定
全台,限定
全台,活動
全台,限量
全台,選購
全台,折扣
全台,優惠
全台,平日
全台,贈送
全台,精緻
全台,自由
全台,原價
全台,抽獎
全台,貼心
全台,每人
全台,熱門
全台,好禮
全台,消費者
全台,限時
全台,禮券
全台,兌換
全台,特別
全台,時段
全台,萬人次
全台,旅展
全台,住宿
全台,喜愛
全台,商圈
全台,來回
全台,精品
全台,只要
全台,點數
全台,優惠活動
全台,跨年
全台,頂級
全台,會員
全台,率先
全台,抵用券
全台,回饋
全台,免費
全台,享有
全台,美食
全台,促銷
全台,看準
全台,生日
全台,機票
全台,人次
全台,客群
全台,來客
全台,搶購
全台,餐廳
全台,中旬
全台,元起
全台,排隊
全台,除了
全台,可享
全台,最低
全台,好評
全台,首選
全台,首賣
全台,專區
全台,時尚
全台,開放
全台,一波
全台,當天
全台,開店
全台,咖啡
全台,民眾
全台,二代
全台,官網
全台,購物
全台,尊爵
全台,專案
聚陽,估算
聚陽,高峰期
聚陽,法人
聚陽,上季
聚陽,營收將
聚陽,拖累
聚陽,交貨
聚陽,砷化鎵
聚陽,宏捷科
聚陽,旺季
聚陽,單季
聚陽,年減
聚陽,營收
聚陽,車市
聚陽,本季
聚陽,營收達
聚陽,組裝廠
聚陽,年增
聚陽,歷年
聚陽,單價
聚陽,回升
聚陽,衝上
聚陽,東陽
聚陽,單月
聚陽,毛利
聚陽,新高
聚陽,累計
聚陽,收約
聚陽,季節性
聚陽,站穩
聚陽,初估
健鼎,欣興
健鼎,收以
健鼎,華通
健鼎,並較
健鼎,同月
健鼎,志超
健鼎,接單
健鼎,走高
健鼎,金像
健鼎,刷新
健鼎,涪陵
健鼎,美商
健鼎,廣東
健鼎,銅箔
健鼎,軟板
健鼎,之下
健鼎,聯益
健鼎,柏承
健鼎,光電
健鼎,並以
健鼎,主管
健鼎,而台
健鼎,一路
健鼎,彌補
健鼎,為盈
健鼎,昆山
健鼎,季起
健鼎,月營
健鼎,精成
健鼎,轉虧
健鼎,大立光
健鼎,財報
健鼎,聯茂
健鼎,復甦
健鼎,概念股
健鼎,並已
健鼎,元作收
健鼎,品牌手機
健鼎,盈餘
健鼎,敬鵬
健鼎,起跳
健鼎,僅次於
健鼎,股王
健鼎,收將
雄獅,旅遊
雄獅,旅行社
雄獅,親子
雄獅,藉此
雄獅,行列
雄獅,行程
雄獅,補助
雄獅,人次
雄獅,航空
雄獅,搭乘
雄獅,參加
雄獅,長達
雄獅,華航
雄獅,裕隆
雄獅,為期
雄獅,中旬
亞泥,水泥
亞泥,損益
亞泥,財務報表
亞泥,收益
亞泥,收入
亞泥,變動
亞泥,上升
亞泥,之冠
金居,銅箔
金居,之下
金居,同月
金居,收以
金居,刷新
金居,金像
金居,並較
金居,而台
金居,志超
金居,走高
金居,美商
金居,為盈
金居,主管
金居,華通
中美晶,環球
中美晶,太陽能
中美晶,隆達
中美晶,晶圓
中美晶,日光
中美晶,電池
中美晶,辛耘
中美晶,半導體
中美晶,模組
亞泰,擴充
亞泰,占營收
亞泰,客戶端
亞泰,挹注
亞泰,季有
亞泰,志超
亞泰,起跳
亞泰,切入
亞泰,並已
亞泰,鑽孔
亞泰,載板
威剛,可靠
威剛,硬碟
威剛,高效能
威剛,照明
威剛,驗證
威剛,電力
威剛,高效
威剛,車載
威剛,億光
威剛,功耗
威剛,無線通訊
威剛,低功耗
威剛,效率
威剛,嵌入式
威剛,效能
威剛,成果
威剛,類比
威剛,力旺
威剛,裝置
威剛,系統
威剛,解決方案
威剛,適用於
威剛,藍光
威剛,運算
威剛,燈具
威剛,單晶
威剛,光源
威剛,等級
威剛,聯網
威剛,遠端
威剛,顯示器
威剛,終端
威剛,無線
威剛,凌華
威剛,控制
威剛,電源
威剛,超薄
威剛,管理系統
威剛,記憶體
威剛,架構
威剛,機器
威剛,英飛凌
威剛,高品質
威剛,高效率
威剛,多媒體
威剛,廣泛
威剛,存取
威剛,設計
矽品,吃緊
矽品,壓抑
矽品,供需
矽品,上揚
矽品,趨緩
矽品,滑落
矽品,預期
矽品,修正
矽品,不如
矽品,水位
矽品,個位數
矽品,幅度
矽品,原先
矽品,平穩
矽品,持平
矽品,向下
矽品,庫存
矽品,看待
矽品,展望
矽品,支撐
矽品,英業達
矽品,低迷
矽品,景氣
矽品,出貨量
矽品,使得
矽品,略微
矽品,科第
矽品,左右
矽品,廣達
矽品,創近
矽品,整季
矽品,創高
矽品,市況
矽品,不佳
矽品,回升
矽品,法說
矽品,表現
矽品,受到
矽品,旺宏
矽品,小幅
矽品,供給
矽品,成長率
矽品,萬台
矽品,報價
矽品,波動
矽品,總量
矽品,雙反
矽品,觀望
矽品,估達
矽品,看法
矽品,微幅
矽品,拖累
矽品,維持
矽品,友達
矽品,效應
矽品,減少
矽品,後市
矽品,出貨
矽品,整體
矽品,東芝
矽品,重回
矽品,短期
矽品,營業額
矽品,液晶電視
矽品,季節性
矽品,變數
矽品,仍會
廣達,吃緊
廣達,原先
廣達,和碩
廣達,左右
廣達,代工廠
廣達,萬台
廣達,估達
廣達,滑落
廣達,向下
廣達,供給
廣達,修正
廣達,矽品
廣達,重回
廣達,出貨量
廣達,整季
廣達,仍會
廣達,倍增
廣達,預期
廣達,面板
廣達,將比
廣達,明年
廣達,供需
廣達,總量
廣達,使得
廣達,萬片
廣達,延後
廣達,不過
廣達,出貨
廣達,位數
廣達,季節性
廣達,戴爾
廣達,庫存
廣達,上揚
廣達,預料
廣達,代工
廣達,東芝
廣達,不如
廣達,封測
廣達,英業達
安心,捐贈
安心,幸福
安心,機制
安心,車隊
安心,國人
安心,團體
安心,主動
安心,台北市政府
安心,專區
安心,健康
安心,福利
杏輝,製劑
杏輝,癌症
杏輝,藥證
杏輝,藥物
杏輝,醫藥
杏輝,臨床
杏輝,新藥
杏輝,二期
杏輝,試驗
杏輝,動土
杏輝,學名
杏輝,懷特
杏輝,二廠
杏輝,中風
杏輝,治療
杏輝,廠房
杏輝,藥廠
杏輝,腫瘤
杏輝,病患
杏輝,疫苗
杏輝,細胞
杏輝,零件
杏輝,製藥
柏承,昆山
柏承,精成
柏承,志超
柏承,健鼎
柏承,博德
柏承,廣東
柏承,收以
柏承,主管
柏承,並較
柏承,欣興
柏承,刷新
柏承,華通
柏承,聯益
柏承,敬鵬
柏承,接單
柏承,為盈
柏承,涪陵
柏承,銅箔
柏承,江蘇
日勝生,一期
日勝生,台中市
日勝生,並將
日勝生,用地
日勝生,市府
日勝生,建商
日勝生,審查
日勝生,土地
日勝生,精密機械
日勝生,資格
日勝生,將向
日勝生,新竹
日勝生,中部
日勝生,完成
日勝生,此一
日勝生,住宅
日勝生,建案
日勝生,大樓
日勝生,執行
數字,財報
數字,今年以來
數字,元件廠
數字,而台
數字,收及
數字,僅次於
數字,難以
數字,擺脫
數字,挺升
數字,收以
數字,晶技
數字,同月
數字,刷新
數字,出現
數字,殺價
數字,走高
數字,不利
數字,之上
數字,光電
數字,之下
數字,希華
數字,對於
數字,採取
數字,石英
數字,在於
數字,狀況
數字,盈餘
數字,端的
敬鵬,季起
敬鵬,產銷
敬鵬,精成
敬鵬,並達
敬鵬,收以
敬鵬,並較
敬鵬,收及
敬鵬,志超
敬鵬,占營收
敬鵬,挺升
敬鵬,接單
敬鵬,轉虧
敬鵬,同月
敬鵬,月則
敬鵬,一路
敬鵬,晶技
敬鵬,月營
敬鵬,初估
敬鵬,刷新
敬鵬,為盈
敬鵬,今年以來
敬鵬,季有
敬鵬,起跳
敬鵬,之下
敬鵬,華通
敬鵬,結構
敬鵬,涪陵
敬鵬,改寫
敬鵬,走高
敬鵬,廣東
敬鵬,熱度
敬鵬,博德
敬鵬,攀高
敬鵬,柏承
敬鵬,殺價
敬鵬,昆山
敬鵬,鑽針
敬鵬,尖點
敬鵬,健鼎
敬鵬,年增率
敬鵬,零組件
網龍,手遊
網龍,仙劍
網龍,遊戲
網龍,大宇
網龍,手機遊戲
網龍,辣椒
網龍,酷瞧
網龍,智冠
網龍,三國
網龍,橘子
網龍,霹靂
網龍,電視劇
網龍,玩家
網龍,重量級
網龍,傳奇
網龍,英雄
網龍,韓國
網龍,影視
網龍,戰紀
網龍,跨平台
網龍,許金龍
網龍,共同開發
網龍,幻想
網龍,助手
網龍,傳媒
網龍,騰訊
網龍,華人
網龍,神域
網龍,改版
網龍,授權
網龍,美術
網龍,上線
網龍,洽談
阿瘦,適逢
阿瘦,緊接著
阿瘦,百貨
阿瘦,衝破
阿瘦,熱潮
阿瘦,美食
阿瘦,服飾
阿瘦,總共
阿瘦,家店
阿瘦,日系
阿瘦,點數
阿瘦,優惠活動
阿瘦,看準
阿瘦,年底
阿瘦,總店
阿瘦,百萬
阿瘦,一波
阿瘦,網購
阿瘦,促銷
阿瘦,家門
阿瘦,來客
阿瘦,淘帝
阿瘦,冬季
阿瘦,遠東
阿瘦,富驛
阿瘦,已達
阿瘦,突破
阿瘦,連鎖
阿瘦,首波
阿瘦,改版
阿瘦,兌換
阿瘦,北海道
阿瘦,更是
阿瘦,通路
阿瘦,單日
阿瘦,暑假
裕隆,車市
裕隆,增幅
裕隆,單價
裕隆,台數
裕隆,平均
裕隆,營業額
裕隆,回溫
裕隆,觀察
裕隆,新車
裕隆,內需
裕隆,衝破
裕隆,雄獅
裕隆,樂觀
裕隆,繳出
裕隆,月減
遠雄,交通
遠雄,社區
遠雄,校園
遠雄,中保
遠雄,台北市
遠雄,設置
遠雄,地震
遠雄,台北市政府
遠雄,教育
遠雄,學校
遠雄,防災
遠雄,訓練
遠雄,規劃
遠雄,生活
台新金,彰銀
台新金,財政部
台新金,新金
台新金,台新金控
台新金,委託書
台新金,饒世湛
台新金,公股
台新金,徵求
台新金,過半
台新金,吳當傑
台新金,改選
台新金,經營權
台新金,席次
台新金,張盛
台新金,名冊
台新金,行庫
台新金,財政部長
台新金,民股
台新金,審計
台新金,席獨
台新金,曾銘宗
台新金,董監
台新金,董事
台新金,股東
台新金,監察
台新金,主委
台新金,無關
台新金,出脫
台新金,董監事
台新金,股東會
台新金,立委
台新金,共識
台新金,爭議
台新金,臨時
台新金,立法院
台新金,接手
台新金,合併案
台新金,介入
台新金,魏家
台新金,呼籲
台新金,應交
台新金,銀行團
台新金,最後
台新金,抵制
台新金,退出
台新金,清華
台新金,回歸
台新金,企銀
台新金,陷入
台新金,味全
台新金,重申
台新金,法規
台新金,適當
台新金,對此
台新金,澄清
台新金,獨立
台新金,委員會
台新金,昨天
台新金,尊重
台新金,提起
台新金,質疑
台新金,豐金
台新金,本來
台新金,凱基
台新金,承諾
